{
  "project_info": {
    "project_number": "265904100392",
    "firebase_url": "https://tradeit-b9776-default-rtdb.europe-west1.firebasedatabase.app",
    "project_id": "tradeit-b9776",
    "storage_bucket": "tradeit-b9776.appspot.com"
  },
  "client": [
    {
      "client_info": {
        "mobilesdk_app_id": "1:265904100392:android:2ffe0e2b974db0a3e3111d",
        "android_client_info": {
          "package_name": "com.example.tradeit"
        }
      },
      "oauth_client": [],
      "api_key": [
        {
          "current_key": "AIzaSyD-VIdWFCYXW2OV4qHLfOmrK7dIY4z3hB4"
        }
      ],
      "services": {
        "appinvite_service": {
          "other_platform_oauth_client": []
        }
      }
    }
  ],
  "configuration_version": "1"
}